{
  "Atelectasis": 0.7500000000000002,
  "Cardiomegaly": 0.9000000000000002,
  "Effusion": 0.8000000000000002,
  "Infiltration": 0.6500000000000001,
  "Mass": 0.9000000000000002,
  "Nodule": 0.9000000000000002,
  "Pneumonia": 0.9000000000000002,
  "Pneumothorax": 0.9000000000000002,
  "Consolidation": 0.8500000000000002,
  "Edema": 0.9000000000000002,
  "Emphysema": 0.9000000000000002,
  "Fibrosis": 0.9000000000000002,
  "Pleural_Thickening": 0.9000000000000002,
  "Hernia": 0.9000000000000002
}